year,mono-module ($/Wp),mono-cell ($/Wp),mono-wafer ($/Wp),poly-Si ($/Wp)
14,0.832026359,0.435140522,0.253991715,0.10389905
14.02,0.831825218,0.433458522,0.254022616,0.101988979
14.02609779,0.823395251,0.43414704,0.253858217,0.103846878
14.02611971,0.82912318,0.435831686,0.25448278,0.1034796
14.03985337,0.819102592,0.436090487,0.25483938,0.103442013
14.04902375,0.816240818,0.436120744,0.253957641,0.104095819
14.04902375,0.816240818,0.436879659,0.253976458,0.105042108
14.05361442,0.816241914,0.437854849,0.253907134,0.105461345
14.07199354,0.820542243,0.437892143,0.254463909,0.105473167
14.07199354,0.820542243,0.438515326,0.255002262,0.106279469
14.08118583,0.823408399,0.440022625,0.254996,0.107201637
14.09037813,0.826274555,0.439924178,0.255813904,0.107313052
14.09957042,0.82914071,0.440598634,0.256592709,0.107636615
14.09957042,0.82914071,0.441111279,0.257479136,0.108378455
14.09957042,0.82914071,0.440512345,0.257836876,0.108310456
14.10872437,0.82198299,0.43993128,0.257928606,0.108316851
14.11330409,0.819120122,0.439966616,0.2587618,0.108208848
14.12246351,0.813394384,0.43836205,0.258831442,0.108670473
14.12703775,0.809099533,0.437946432,0.258762188,0.109346648
14.12703775,0.809099533,0.43770543,0.258786104,0.109262221
14.13161746,0.806236664,0.436964764,0.258793398,0.109276941
14.13618074,0.799077849,0.437059506,0.258780858,0.109158798
14.13618622,0.800509831,0.437034417,0.258710523,0.109711495
14.14533469,0.791920129,0.437474081,0.259413137,0.110261171
14.14534565,0.794784093,0.438990554,0.259866884,0.110264061
14.14992536,0.791921225,0.440041846,0.259664347,0.111102732
14.16828804,0.791925607,0.439964594,0.259792935,0.111168505
14.18,0.798588567,0.440799247,0.260612847,0.111567703
14.185,0.799372013,0.440941225,0.260793634,0.112450564
14.19,0.80013928,0.440940531,0.260567179,0.113237895
14.195,0.801278583,0.44067351,0.261010261,0.114031049
14.2,0.804104171,0.439806554,0.261677715,0.113998496
14.205,0.806601436,0.439044273,0.261610242,0.114606388
14.21,0.807080526,0.438166382,0.26303818,0.115048704
14.215,0.807881791,0.438037619,0.264329703,0.115129475
14.22,0.808683691,0.437731042,0.264505122,0.115964736
14.225,0.809458804,0.436938691,0.264661698,0.116015988
14.23,0.810211002,0.437046669,0.265484739,0.1159578
14.235,0.811052115,0.43788854,0.265534261,0.115958763
14.24,0.811822684,0.43799012,0.265476451,0.116018356
14.245,0.811694227,0.438367546,0.265484065,0.115948455
14.25,0.812944982,0.439089331,0.265525829,0.115128235
14.255,0.814085903,0.438957264,0.265474719,0.114944514
14.26,0.815247392,0.438268682,0.264715699,0.115041751
14.265,0.817629757,0.436580641,0.263813873,0.115008106
14.27,0.817707414,0.4361103,0.263478852,0.115016022
14.275,0.817457427,0.435668852,0.263653523,0.115015469
14.28,0.817972498,0.43408188,0.263510169,0.115014808
14.285,0.818794134,0.434142451,0.262686128,0.115015246
14.29,0.81718125,0.434221095,0.262559062,0.115015078
14.295,0.811450779,0.434148804,0.262642576,0.115015123
14.3198404,0.807713567,0.434235831,0.262610624,0.115015117
14.33357954,0.799124961,0.434103855,0.262619116,0.115015115
14.33816474,0.797694074,0.433280807,0.262618001,0.115015117
14.34275541,0.79769517,0.432391752,0.262617603,0.115015116
14.34735155,0.799128248,0.432276894,0.262617965,0.115015116
14.35195318,0.801993308,0.43201463,0.262617811,0.115015116
14.36115095,0.806291445,0.431065876,0.262617856,0.115015116
14.36115095,0.806291445,0.430345596,0.262617848,0.115015116
14.36574162,0.806292541,0.430325864,0.262617847,0.115015116
14.37490105,0.800566803,0.43034389,0.262617849,0.115015116
14.37490653,0.801998786,0.430403757,0.262617848,0.115015116
14.37490653,0.801998786,0.43020355,0.262617848,0.115015116
14.38406596,0.796273048,0.429312671,0.262617848,0.115015116
14.38406596,0.796273048,0.428466237,0.262617848,0.115015115
14.38863471,0.790546215,0.428599836,0.262617848,0.115015118
14.39321991,0.789115328,0.427463883,0.262617848,0.115015114
14.40698096,0.786254651,0.426434817,0.262617848,0.115015112
14.40698096,0.786254651,0.426385753,0.262617848,0.115015154
14.42075845,0.78768992,0.424712744,0.262617848,0.115014968
14.42995074,0.790556075,0.424485409,0.262617851,0.115015519
14.42995074,0.790556075,0.42462281,0.262617839,0.115014454
14.4391266,0.789126285,0.424654941,0.262617875,0.115014798
14.44827507,0.780536582,0.424475906,0.262617805,0.115021784
14.44827507,0.780536582,0.423655767,0.262617827,0.114985537
14.44829151,0.784832529,0.423600912,0.262618286,0.115103659
14.44829699,0.786264511,0.423633691,0.262615906,0.114830855
14.45745641,0.780538774,0.423714573,0.262623663,0.114046091
14.48043715,0.787704163,0.423467289,0.262606375,0.114097628
14.48044263,0.789136145,0.42266586,0.262622126,0.113433002
14.50340694,0.792005588,0.422653381,0.262689674,0.112990657
14.51259923,0.794871743,0.422672517,0.261982132,0.113125695
14.51720634,0.799168786,0.422764664,0.261534239,0.113095028
14.51721729,0.80203275,0.422456842,0.261741327,0.113096577
14.51724469,0.809192661,0.421681777,0.261601977,0.113099485
14.52644246,0.813490799,0.421705146,0.260775381,0.113097671
14.52644246,0.813490799,0.421710503,0.26066639,0.113098347
14.53104409,0.816355859,0.42181872,0.260628639,0.113098173
14.54024186,0.820653997,0.421429314,0.260972803,0.113098193
14.54484349,0.823519057,0.420723208,0.261722791,0.113098203
14.54484349,0.823519057,0.42078177,0.261670103,0.113098195
14.555,0.821281312,0.420063955,0.261645909,0.113098198
14.57,0.817130106,0.419380123,0.26166388,0.113098197
14.575,0.816666405,0.418059316,0.261662871,0.113098197
14.58,0.816378234,0.41686314,0.261650049,0.113098197
14.585,0.813859385,0.416936481,0.261658258,0.113098197
14.59,0.811464727,0.415319556,0.2617415,0.113098197
14.595,0.809411792,0.414947827,0.261052153,0.113098197
14.6,0.809192333,0.414675861,0.260598586,0.113098197
14.605,0.809991618,0.413953804,0.260725172,0.113098197
14.61,0.809918373,0.414060036,0.260699099,0.113098197
14.615,0.810696609,0.414044259,0.260698824,0.113098198
14.62,0.811419524,0.414155544,0.260702788,0.113098197
14.625,0.812686082,0.413587745,0.260698625,0.113098198
14.63,0.814153947,0.413035637,0.260705327,0.113098198
14.635,0.814741292,0.413064641,0.260696059,0.11309819
14.64,0.814740217,0.412268793,0.260688244,0.113098224
14.645,0.814584561,0.410885079,0.260798394,0.113098126
14.65,0.815299833,0.408691684,0.260189554,0.113098308
14.655,0.815567145,0.406571821,0.259638762,0.113098283
14.66,0.81596798,0.40519688,0.259762982,0.113096939
14.665,0.815117249,0.403618718,0.25974591,0.113103588
14.67,0.803116409,0.401160672,0.259715613,0.113082451
14.68,0.800768348,0.400046791,0.259844724,0.113128008
14.68694608,0.769137697,0.398948463,0.259390471,0.113092554
14.68697347,0.776297608,0.397559436,0.258689967,0.11235357
14.68699538,0.782025537,0.396776109,0.258788013,0.111435314
14.68699538,0.782025537,0.394345187,0.258869035,0.111107143
14.6870173,0.787753466,0.393339644,0.258157246,0.111199685
14.68702278,0.789185448,0.391861692,0.257702444,0.111179427
14.68705017,0.796345359,0.389426763,0.257902428,0.111179964
14.69152032,0.764842846,0.388107435,0.257779633,0.111182578
14.69608907,0.759116013,0.387370129,0.256956658,0.111179564
14.69608907,0.759116013,0.385990735,0.256801038,0.111184722
14.70071261,0.767709002,0.384225215,0.256899769,0.111176912
14.70073453,0.773436931,0.383080749,0.256842103,0.111173677
14.70993778,0.779167051,0.382240348,0.256891526,0.111250803
14.7145394,0.782032111,0.380630524,0.256908117,0.110748132
14.71456132,0.78776004,0.379738424,0.256108725,0.109798598
14.71915199,0.787761135,0.379072975,0.255892369,0.109209748
14.72373718,0.786330249,0.378175995,0.255689438,0.109261913
14.72374266,0.787762231,0.377584393,0.254740256,0.109271062
14.7282895,0.776307469,0.377633518,0.254000776,0.109267434
14.72830046,0.779171433,0.37755673,0.25396307,0.109243504
14.73285826,0.770580636,0.378219616,0.253999911,0.109308853
14.74197386,0.75339904,0.378699944,0.254008871,0.109244045
14.74197386,0.75339904,0.378559194,0.253947862,0.108426497
14.74200125,0.760558951,0.378596547,0.254012086,0.108226602
14.74202316,0.76628688,0.37864311,0.254830869,0.10835724
14.76955075,0.761997507,0.378057877,0.255022149,0.108242392
14.79252053,0.766298932,0.377045577,0.254923393,0.10836493
14.79252053,0.766298932,0.376719777,0.254957116,0.109189843
14.7971112,0.766300028,0.37656375,0.254949327,0.109325182
14.80625419,0.756278344,0.374900899,0.254949793,0.109239173
14.81082843,0.751983493,0.374704611,0.254950492,0.109271621
14.82,0.747345054,0.374410703,0.254950034,0.109263127
14.825,0.746499403,0.373396789,0.254950237,0.109264181
14.8291692,0.746259946,0.372796185,0.254950131,0.109264615
14.83,0.746898614,0.372834335,0.254950132,0.109264241
14.835,0.743910456,0.372848011,0.254950649,0.109264398
14.84,0.740879054,0.372844169,0.25494821,0.109264352
14.845,0.740686197,0.372819713,0.254955772,0.10926436
14.85,0.737944134,0.372880816,0.254940039,0.109264361
14.855,0.729879215,0.372841225,0.254950034,0.10926436
14.86,0.726276704,0.372010068,0.255030897,0.10926436
14.865,0.726446458,0.371905382,0.254335513,0.10926436
14.87,0.726144241,0.371515066,0.253891352,0.10926436
14.875,0.725324071,0.370812555,0.254012713,0.10926436
14.88,0.724612329,0.370940895,0.253992081,0.10926436
14.885,0.723026888,0.370995758,0.254007134,0.10926436
14.89,0.722253654,0.370251541,0.253891781,0.10926436
14.895,0.72265129,0.369855254,0.254449111,0.10926436
14.9,0.722325286,0.370024805,0.255053488,0.10926436
14.905,0.720673503,0.36992161,0.254931071,0.109264363
14.91,0.720449396,0.369872034,0.254934186,0.10926435
14.915,0.720608778,0.371804855,0.255049257,0.109264387
14.92,0.720544157,0.375007107,0.254436521,0.109264318
14.925,0.720565149,0.377615721,0.253870787,0.109264334
14.93,0.720561279,0.380208776,0.254040567,0.109264815
14.935,0.720536876,0.384195336,0.254012145,0.109262383
14.94,0.720662204,0.386766208,0.25321657,0.109270203
14.945,0.720185593,0.388050384,0.252923359,0.109253078
14.95,0.719502402,0.387865014,0.253141751,0.109267489
14.955,0.719608748,0.387120984,0.252861498,0.109339694
14.96,0.719659188,0.387220894,0.252064044,0.108628812
14.965,0.719040945,0.387227771,0.252041582,0.108205087
14.97,0.718096103,0.387212006,0.252094419,0.108331204
14.975,0.717605807,0.38721803,0.252067568,0.108303246
14.98,0.717687278,0.38722087,0.252076861,0.108304597
14.985,0.717681528,0.387214174,0.252074358,0.1083051
14.99,0.717673724,0.387201986,0.252073565,0.108312702
14.995,0.717682957,0.387318235,0.252082088,0.108287741
15,0.717667448,0.386734434,0.25204888,0.108330609
15.005,0.717693556,0.386161802,0.252139716,0.108343614
15.01,0.717689283,0.386270492,0.251985281,0.107541731
15.015,0.717501673,0.386255273,0.251161068,0.107332212
15.02,0.718825008,0.386324062,0.251064125,0.107122903
15.025,0.719827883,0.385821419,0.251138322,0.106171206
15.03,0.719511554,0.384868032,0.251114234,0.105436678
15.035,0.719614054,0.38428799,0.251108656,0.105405631
15.04,0.72043446,0.384340886,0.251114179,0.105425662
15.045,0.720641327,0.38433421,0.251198374,0.105487286
15.05,0.720500372,0.384411548,0.250524427,0.105293567
15.055,0.720661876,0.384048656,0.25003252,0.104425671
15.06,0.721689023,0.38309729,0.25022818,0.103597629
15.065,0.722697161,0.38241602,0.250131667,0.10346194
15.07,0.718996229,0.382473074,0.249311003,0.103533065
15.075,0.717211026,0.381782323,0.249130112,0.103508487
15.08,0.717751986,0.38136246,0.249225511,0.103514267
15.085,0.717755546,0.381493794,0.249192584,0.103513884
15.09,0.718601752,0.381463783,0.249200274,0.103513233
15.095,0.718693025,0.381466933,0.249199693,0.103514244
15.1,0.718611153,0.381456867,0.249199657,0.103512156
15.105,0.718652356,0.381507944,0.249197523,0.103515739
15.11,0.71862647,0.381323129,0.249204658,0.103515624
15.115,0.718639892,0.380213702,0.249191516,0.10348755
15.12,0.71871552,0.378629569,0.249191921,0.103623195
15.12746961,0.721987464,0.378702918,0.24929618,0.103143137
15.12746961,0.721987464,0.377447395,0.248611134,0.102512569
15.14584324,0.724855811,0.376623154,0.248210982,0.102552725
15.15043391,0.724856907,0.376395831,0.248120098,0.101749672
15.15962621,0.727723062,0.374752226,0.247278171,0.101514706
15.1687692,0.717701378,0.374819827,0.247164397,0.101624079
15.17335439,0.716270492,0.373641017,0.247924065,0.101593465
15.18253026,0.714840701,0.372284865,0.248339673,0.101594399
15.19628583,0.710548041,0.371675635,0.248207596,0.101579153
15.20545074,0.706254285,0.370868122,0.248250921,0.101704946
15.21001401,0.69909547,0.370105786,0.248290991,0.101104645
15.21002497,0.701959434,0.369217282,0.247649479,0.100600757
15.21917892,0.694801715,0.36899749,0.246767738,0.100574337
15.22834383,0.690507959,0.368835947,0.246105893,0.099738402
15.24211036,0.689079264,0.367908006,0.245179394,0.099620214
15.25588237,0.689082551,0.367121054,0.243576448,0.099705795
15.28,0.693859381,0.367120338,0.242719412,0.099672218
15.285,0.692826912,0.366681666,0.24189237,0.099680666
15.29,0.700128858,0.36571,0.241509327,0.099679564
15.295,0.709300353,0.365120648,0.241436307,0.099685629
15.3,0.707985809,0.365169595,0.240597264,0.09965287
15.30188219,0.713437205,0.365182427,0.24041493,0.099760483
15.32026678,0.719169516,0.365164493,0.241291013,0.099511405
15.32026678,0.719169516,0.365187044,0.241236537,0.098705641
15.34781628,0.720608072,0.365147826,0.24050395,0.098667627
15.35237408,0.712017274,0.36518199,0.240564255,0.098851748
15.35238504,0.714881239,0.365329811,0.239783879,0.098258672
15.35693736,0.704858459,0.363837397,0.239105991,0.097727472
15.35694284,0.706290441,0.363222855,0.2377016,0.097717571
15.35694832,0.707722423,0.362891655,0.236621638,0.096877855
15.36607488,0.693404792,0.361221355,0.236706193,0.096822674
15.36609131,0.697700739,0.360504818,0.235870903,0.096395419
15.36609679,0.699132721,0.359106563,0.235717076,0.095572521
15.36610227,0.700564704,0.357489715,0.235784884,0.094680248
15.37066007,0.691973906,0.35586762,0.235836215,0.093078139
15.37525074,0.691975001,0.354489439,0.235691475,0.092105655
15.38900084,0.68625036,0.353765116,0.234868075,0.092048261
15.38901179,0.689114324,0.352086995,0.234717214,0.091747721
15.39357507,0.681955508,0.351799998,0.235065012,0.090867779
15.39815478,0.67909264,0.351121423,0.234101812,0.090103454
15.40274545,0.679093735,0.349697044,0.232828114,0.08926354
15.41652842,0.681960987,0.349838319,0.232913203,0.089073194
15.4165339,0.683392969,0.34914081,0.231276982,0.08915707
15.41653938,0.684824951,0.348176953,0.231024671,0.089135165
15.421141,0.687690011,0.347863242,0.23026327,0.089134883
15.42574263,0.690555071,0.347909853,0.22887479,0.089117819
15.42575358,0.693419036,0.347936139,0.229087736,0.08924578
15.42575358,0.693419036,0.348064441,0.229101914,0.088660603
15.43035521,0.696284096,0.346536546,0.228982701,0.088138247
15.43495684,0.699149156,0.346004668,0.229446274,0.088124846
15.43955298,0.700582234,0.345540857,0.230342165,0.087292783
15.43956394,0.703446198,0.344013396,0.231057366,0.087131485
15.44417105,0.70774324,0.344135453,0.231087649,0.08734354
15.44876719,0.709176318,0.342759788,0.229610109,0.086918363
15.46,0.708116677,0.341538992,0.228484136,0.086185824
15.465,0.709829413,0.340919642,0.227752008,0.08624781
15.47,0.710106896,0.340111325,0.227115743,0.086369635
15.475,0.709864348,0.339338987,0.227165111,0.085658107
15.48,0.710233462,0.33846978,0.226490362,0.085281559
15.485,0.710977115,0.338343802,0.225509164,0.085165908
15.49,0.710915173,0.33808104,0.225242673,0.084337012
15.495,0.71164775,0.33713262,0.225097685,0.084305061
15.5,0.711967695,0.336413923,0.224271733,0.084373444
15.505,0.712038047,0.336379471,0.224221927,0.084313299
15.51,0.713125599,0.336505379,0.224402141,0.084397466
15.515,0.714718615,0.336100933,0.223863442,0.084302162
15.52,0.715431541,0.335130306,0.22321559,0.083481813
15.525,0.71701462,0.33449974,0.223341303,0.083293634
15.53,0.717535849,0.334606206,0.223386784,0.083507496
15.535,0.716579226,0.33314473,0.22263954,0.083115121
15.54,0.716718043,0.332393469,0.222241387,0.082371121
15.545,0.71686484,0.332623449,0.222453521,0.082413691
15.55,0.715596189,0.332598973,0.22227331,0.082448617
15.555,0.714101967,0.332622553,0.221450342,0.082394034
15.56,0.71394343,0.331848918,0.221376848,0.082503826
15.565,0.711406379,0.331535751,0.22132525,0.082297714
15.57,0.702326298,0.331654823,0.221722149,0.081482137
15.575,0.700374693,0.331621507,0.222429821,0.081432559
15.58,0.698659282,0.331626659,0.222362943,0.081463306
15.585,0.696064452,0.331627741,0.222434609,0.081545193
15.59,0.695268898,0.331626522,0.221784969,0.081292994
15.595,0.691963215,0.331626971,0.221275027,0.080492622
15.6,0.690414892,0.331627067,0.22147652,0.080479302
15.605,0.687544575,0.331626839,0.221381327,0.080529993
15.61,0.685651611,0.331625837,0.220541724,0.08050337
15.615,0.685929035,0.331632719,0.220490549,0.080512447
15.61847955,0.671985319,0.33160761,0.219992586,0.080510355
15.61847955,0.671985319,0.331671274,0.219481905,0.080510478
15.61850694,0.67914523,0.331581549,0.219399562,0.080510667
15.64142742,0.670558815,0.330786413,0.217779201,0.080510545
15.65518847,0.667698137,0.329977759,0.216746246,0.080510593
15.65518847,0.667698137,0.329232307,0.216539854,0.080510577
15.66898787,0.674861335,0.328412045,0.216701043,0.080510578
15.66899335,0.676293317,0.327703895,0.216495737,0.080510616
15.66899335,0.676293317,0.327741307,0.215672781,0.08051044
15.67820756,0.684887402,0.329143567,0.215788263,0.080510984
15.67820756,0.684887402,0.330958226,0.214564746,0.080509854
15.67820756,0.684887402,0.33186859,0.213528017,0.080510561
15.67822947,0.690615331,0.331428528,0.213770667,0.080516415
15.69,0.692265338,0.330668838,0.213736299,0.08048275
15.69201244,0.693482582,0.330795422,0.213812002,0.080597758
15.695,0.692884128,0.329462884,0.21312422,0.08031279
15.7,0.694556097,0.328534487,0.212681514,0.07952468
15.705,0.696897651,0.32881555,0.212788511,0.079529925
15.71,0.698918602,0.328738291,0.212785507,0.079543106
15.715,0.699477499,0.328680796,0.212846389,0.079639242
15.72,0.699572354,0.329432689,0.212079821,0.07930396
15.725,0.700406091,0.329778314,0.211822219,0.078541569
15.73,0.700417547,0.329753034,0.211578655,0.078577625
15.735,0.700363115,0.329630617,0.210826095,0.07860905
15.74,0.70039368,0.328788853,0.210892257,0.078587018
15.745,0.700378976,0.328885845,0.210126464,0.078595647
15.75,0.700388403,0.327745916,0.20990305,0.078593297
15.755,0.700395049,0.326608252,0.209626559,0.078593632
15.76,0.700305385,0.326895462,0.208868051,0.078593726
15.765,0.700682911,0.326851968,0.208937707,0.078593631
15.77,0.699479908,0.326145201,0.208957787,0.078593673
15.775,0.697295096,0.325190623,0.208935503,0.07859366
15.78,0.697484252,0.324923739,0.208952517,0.078593663
15.785,0.697520003,0.324766806,0.20893162,0.078593662
15.79,0.697566895,0.323948958,0.208947337,0.078593665
15.795,0.697202237,0.3239422,0.209025184,0.078593653
15.8,0.696329832,0.323884543,0.208281854,0.078593684
15.805,0.695557649,0.324349356,0.207974514,0.078593644
15.81,0.694720409,0.325067383,0.207794565,0.078593576
15.815,0.694576705,0.324860243,0.206987032,0.078594217
15.82514186,0.693514355,0.324040777,0.207003144,0.078591674
15.83889196,0.687789713,0.323891545,0.207043731,0.078598642
15.84349906,0.692086755,0.324012774,0.207026602,0.078586967
15.84349906,0.692086755,0.323878309,0.207012279,0.078583254
15.84808973,0.692087851,0.324061886,0.207049747,0.078694593
15.84808973,0.692087851,0.324892428,0.207062687,0.078026624
15.85724368,0.684930131,0.324777113,0.206289159,0.07760721
15.85730394,0.700681935,0.32599332,0.205952324,0.077521267
15.85730394,0.700681935,0.326994156,0.206171607,0.076686763
15.86190009,0.702115013,0.32689056,0.205928863,0.076632475
15.86645241,0.692092233,0.3277731,0.205119457,0.076699972
15.87108691,0.703549187,0.328649596,0.205069821,0.076668719
15.87110334,0.707845133,0.328748129,0.205131364,0.076678833
15.87570497,0.710710193,0.328913792,0.2051035,0.076676494
15.87571592,0.713574158,0.328363614,0.205111073,0.076675137
15.8757214,0.71500614,0.326804809,0.205110648,0.076684764
15.88031755,0.716439218,0.326914163,0.20511517,0.07665006
15.88148165,0.720735438,0.325560872,0.20508278,0.076738849
15.88493561,0.723600225,0.324705804,0.205203182,0.076609757
15.88495204,0.727896171,0.324970623,0.204872899,0.075774596
15.884963,0.730760136,0.324913755,0.204106734,0.075761964
15.88609423,0.726464463,0.324924586,0.204136808,0.075221255
15.88726929,0.733624648,0.324849429,0.204141512,0.074700743
15.88957558,0.73648916,0.325316024,0.204243554,0.074701184
15.89189283,0.742217637,0.326283015,0.20386244,0.07386194
15.89767499,0.753674864,0.326863322,0.203126777,0.072982817
15.89878979,0.745083245,0.326821573,0.203184966,0.072789384
15.89879527,0.746515227,0.327494077,0.203206329,0.072839962
15.8988117,0.750811174,0.328464729,0.203187671,0.072880501
15.90341333,0.753676234,0.328771179,0.203193853,0.072839995
15.90345168,0.763700109,0.328843463,0.203195747,0.07200777
15.90806974,0.770861116,0.329716011,0.203193178,0.071910289
15.91261658,0.759406354,0.330607601,0.203172195,0.071505168
15.91262206,0.760838336,0.330508233,0.20329666,0.070826789
15.91262206,0.760838336,0.331490824,0.202786707,0.070934999
15.91264397,0.766566265,0.332713545,0.202142448,0.070933677
15.91264397,0.766566265,0.33261413,0.202243266,0.070918749
15.91721273,0.760839432,0.333483289,0.20224176,0.070935306
15.92150758,0.683513488,0.333016128,0.20223011,0.070907659
15.92152401,0.687809434,0.332093806,0.202236792,0.070948066
15.92154593,0.693537363,0.331289169,0.202234395,0.070971393
15.92156236,0.69783331,0.330644125,0.202234993,0.070168818
15.9215788,0.702129256,0.330698648,0.202234945,0.069976458
15.92177053,0.752248634,0.329949448,0.202234788,0.069682676
15.92177601,0.753680616,0.329613212,0.202235326,0.068931379
15.92284698,0.733633139,0.329739622,0.202233816,0.069003905
15.92289081,0.745088997,0.329703784,0.202236697,0.069021768
15.92510397,0.723609811,0.329709271,0.202235832,0.069002719
15.92597773,0.652010975,0.329718088,0.202216651,0.069011073
15.92598869,0.654874939,0.329677814,0.202315542,0.069008833
15.92601608,0.66203485,0.32980484,0.201931542,0.069009007
15.92602703,0.664898814,0.32951477,0.201050297,0.069007597
15.92604895,0.670626743,0.328746071,0.200296955,0.069016965
15.92604895,0.670626743,0.328873346,0.199541072,0.068983058
15.92606538,0.67492269,0.32745239,0.198630925,0.069067849
15.92607634,0.677786654,0.326744945,0.198414788,0.068953223
15.92608182,0.679218637,0.326602036,0.198194119,0.068116951
15.92611468,0.68781053,0.325889496,0.197404038,0.068087634
15.92614071,0.694612445,0.326759448,0.197436577,0.067588366
15.92617494,0.703562334,0.326711931,0.197349976,0.066983717
15.92619138,0.707858281,0.327795548,0.197961597,0.067109948
15.92620781,0.712154228,0.328915871,0.198406922,0.067095404
15.92628998,0.733633961,0.328784986,0.198523853,0.067086875
15.92629546,0.735065943,0.329627999,0.200168049,0.067099307
15.92631738,0.740793872,0.330538797,0.201913557,0.067076599
15.92634477,0.747953783,0.33065477,0.202417456,0.067118634
15.92826759,0.65057954,0.330908116,0.202040743,0.067096003
15.92830046,0.659171433,0.331846368,0.202525717,0.066372704
15.93054649,0.646284141,0.332581104,0.204141513,0.06544871
15.930793,0.710723341,0.332636195,0.204208792,0.065100267
15.93079848,0.712155323,0.332466738,0.204211336,0.065192901
15.93080396,0.713587305,0.332982418,0.203779901,0.065173947
15.93081492,0.71645127,0.333632669,0.203088816,0.065173741
15.93083135,0.720747216,0.33353737,0.203206743,0.065176202
15.93084779,0.725043163,0.333536303,0.203259969,0.065174894
15.93085326,0.726475145,0.333548905,0.202576377,0.06517525
15.93086422,0.72933911,0.33354148,0.20186279,0.06517531
15.93513168,0.644853255,0.333545471,0.200744947,0.065175474
15.93513168,0.644853255,0.333542493,0.199241099,0.065173365
15.94,0.648887225,0.333540359,0.198535345,0.065182305
15.945,0.642159131,0.333570062,0.196907194,0.065156576
15.95,0.646869458,0.3334448,0.19641714,0.065203917
15.955,0.646342458,0.333841869,0.1962184,0.06519858
15.96,0.646820092,0.334570612,0.19547708,0.064406442
15.965,0.648493989,0.334509517,0.195540977,0.064124287
15.97,0.650215195,0.33448965,0.194769554,0.064265435
15.975,0.650455552,0.334508416,0.194475017,0.064171302
15.98,0.650734375,0.334500317,0.194597167,0.064223383
15.985,0.651614062,0.334502709,0.19456079,0.065031626
15.99,0.652421767,0.33450229,0.194567371,0.065280508
15.995,0.653966016,0.334502354,0.194567979,0.065053188
16,0.655719948,0.334501792,0.194566812,0.06540507
16.005,0.65643185,0.334503991,0.194567398,0.066155976
16.01,0.655893265,0.334498571,0.194567181,0.066096499
16.015,0.655174929,0.334505311,0.194567257,0.066799799
16.02,0.655208493,0.334518622,0.194567325,0.067195903
16.025,0.655318257,0.334401375,0.194566716,0.067063463
16.03,0.654923916,0.334974924,0.194569077,0.06709651
16.035,0.656056354,0.335561172,0.194562705,0.067093186
16.04,0.653775185,0.335445052,0.194573078,0.06709104
16.04501643,0.649984181,0.335456229,0.194577816,0.067092609
16.05,0.648402198,0.33547289,0.194472136,0.067092109
16.055,0.649972502,0.335426578,0.195098701,0.067091997
16.06,0.649380093,0.335550135,0.195630123,0.067092081
16.065,0.649291363,0.335307546,0.195503448,0.067093922
16.07,0.648494394,0.334506413,0.19552379,0.067084178
16.075,0.648034287,0.334702101,0.195551297,0.06711622
16.08,0.643482095,0.332816869,0.195422961,0.067044021
16.085,0.641290736,0.331050542,0.195897253,0.067112927
16.09,0.641702049,0.33039953,0.196583204,0.06795065
16.095,0.6407276,0.328674258,0.196474438,0.068012124
16.1,0.64074929,0.326948946,0.196405232,0.068485899
16.105,0.641564189,0.327344467,0.197130232,0.069051808
16.11,0.641869362,0.328037604,0.197564725,0.069057883
16.115,0.641733385,0.32749711,0.197362174,0.069900917
16.12,0.641816922,0.326826733,0.197501437,0.069926878
16.125,0.641797765,0.326926429,0.198322363,0.070463161
16.13,0.641428375,0.325422164,0.198488011,0.070963274
16.135,0.644125086,0.324793761,0.198278412,0.071013745
16.14,0.646029071,0.324757377,0.198692,0.071853364
16.145,0.645539877,0.323786705,0.199422174,0.071846476
16.15,0.645621943,0.323026024,0.199369054,0.072412562
16.155,0.645562091,0.322965946,0.199346356,0.072955912
16.16,0.646248624,0.323017513,0.199365682,0.072816858
16.165,0.646841149,0.322994187,0.199357612,0.072842659
16.17,0.648328028,0.323004477,0.199359887,0.072870426
16.175,0.650536533,0.3230009,0.199359535,0.072724521
16.17997398,0.643625353,0.32297937,0.199359892,0.073284185
16.18496165,0.641070785,0.323102102,0.199357613,0.073803792
16.18994522,0.637174194,0.322608574,0.199365622,0.073853161
16.20497124,0.643851622,0.32193729,0.19934666,0.075457054
16.22024868,0.6513728,0.322058921,0.199368097,0.076419288
16.22295335,0.651377207,0.322118638,0.199423886,0.077205344
16.225,0.653390529,0.321348297,0.198697688,0.077657098
16.22606734,0.652067582,0.321056246,0.198277563,0.077700666
16.23,0.654293211,0.320921271,0.198488011,0.078542072
16.23106734,0.653024543,0.319997897,0.198325145,0.0785506
16.235,0.655825555,0.319209882,0.197502066,0.079111045
16.23606734,0.653339603,0.319131159,0.197388232,0.079591284
16.23967099,0.659251118,0.319165074,0.197459833,0.07964804
16.24001643,0.661798829,0.319213729,0.19745411,0.080486092
16.245,0.658643446,0.319082106,0.197414342,0.080559484
16.25502602,0.666956508,0.318251626,0.197422937,0.080488248
16.26112402,0.659250866,0.317384136,0.198212586,0.080512713
16.27947027,0.654959302,0.317196269,0.198512965,0.080520067
16.30700881,0.653533894,0.317247169,0.198292308,0.08050779
16.31621206,0.659264014,0.31728991,0.198571291,0.080434559
16.32084655,0.670720967,0.317238936,0.199369321,0.081146114
16.33004981,0.676451087,0.316407105,0.199393106,0.081563616
16.34378347,0.666430499,0.316305826,0.199339832,0.081458
16.34835223,0.660703665,0.315942732,0.199366768,0.081459244
16.36208589,0.650683077,0.315132639,0.199357477,0.081412015
16.3666656,0.647820208,0.315430997,0.199359962,0.082157739
16.37581955,0.640662488,0.317051886,0.19936078,0.082524234
16.38498993,0.637800715,0.317882826,0.199352227,0.082400442
16.39418771,0.642098853,0.319142688,0.199385415,0.082431728
16.39881125,0.650691842,0.320522498,0.199294936,0.08242833
16.41261612,0.659287022,0.321196143,0.199447668,0.082426997
16.42639361,0.660722291,0.321994089,0.200272073,0.082425869
16.44477273,0.66502262,0.322168012,0.200369806,0.08243316
16.45857213,0.672185818,0.321540909,0.200299042,0.082417582
16.46317923,0.67648286,0.320779532,0.200311516,0.082424795
16.47692385,0.669326236,0.319855483,0.200340327,0.082518273
16.49067395,0.663601594,0.318241067,0.200324415,0.081800189
16.50441857,0.65644497,0.316676527,0.199620169,0.08145728
16.51349034,0.627807517,0.315134606,0.198621466,0.081296645
16.5135013,0.630671481,0.313582482,0.198507692,0.080495075
16.51353417,0.639263375,0.312012873,0.198026345,0.080553475
16.51357799,0.650719232,0.310477169,0.19645493,0.079848634
16.52267168,0.627809708,0.308986079,0.196571515,0.079537336
16.53648752,0.639268853,0.306716258,0.195164855,0.079344734
16.55023761,0.633544211,0.304728144,0.194517054,0.078544225
16.55941348,0.63211442,0.30338069,0.194201747,0.078573442
16.56,0.627070733,0.30168102,0.192498383,0.078610492
16.565,0.626402559,0.299306554,0.19174951,0.078588415
16.57,0.626059415,0.297591824,0.191129803,0.078590527
16.575,0.624475043,0.296255526,0.189733475,0.078601096
16.58,0.625318207,0.294256392,0.188375473,0.078601361
16.585,0.624944438,0.292021955,0.187777359,0.078496672
16.59,0.624069923,0.290524556,0.186985328,0.079179815
16.595,0.620925928,0.288209158,0.185279369,0.079582835
16.6,0.615452962,0.286318776,0.185044544,0.079670802
16.605,0.613959657,0.285001615,0.184306577,0.080513571
16.61,0.613415391,0.283164602,0.182948462,0.080635553
16.615,0.611661602,0.280820102,0.183063785,0.079841644
16.62,0.608908436,0.27931718,0.18162671,0.079545604
16.625,0.605607815,0.277086149,0.179704594,0.07937308
16.63,0.601669877,0.275186912,0.179212135,0.078560657
16.635,0.598583358,0.27346063,0.178970177,0.078564843
16.64,0.599099772,0.271112929,0.177171171,0.078621042
16.64188667,0.590606657,0.269614558,0.175509249,0.078557521
16.645,0.584121864,0.267399908,0.175488904,0.078665338
16.66020004,0.577723199,0.265319416,0.174560979,0.078506495
16.67853533,0.570567671,0.264244097,0.173113569,0.077670741
16.68312052,0.569136784,0.263424122,0.172377312,0.077751061
16.68766189,0.55625004,0.261840359,0.170779567,0.076692017
16.68766189,0.55625004,0.260153774,0.169184328,0.075247111
16.68770024,0.566273915,0.259230603,0.167688424,0.074637137
16.69219778,0.541931313,0.258234987,0.166027756,0.073834324
16.69221969,0.547659242,0.256506749,0.164667325,0.072984125
16.69223065,0.550523207,0.254986669,0.163932635,0.072759581
16.70136816,0.53906954,0.254261894,0.162466519,0.072922881
16.71,0.537203057,0.252834483,0.160720232,0.072713717
16.715,0.534811216,0.251650354,0.159667597,0.071855701
16.72,0.533108296,0.250791487,0.15878178,0.071004631
16.725,0.528240839,0.249154313,0.157139129,0.070955017
16.73,0.519875691,0.247650619,0.155574667,0.070582999
16.7333659,0.503277654,0.245493682,0.154072861,0.069703056
16.7333659,0.503277654,0.243079375,0.152376073,0.068925961
16.735,0.513064302,0.240770555,0.151182182,0.06810523
16.74,0.506808769,0.238443933,0.150344435,0.068078649
16.74251985,0.496119934,0.236129424,0.148681729,0.067660553
16.74252532,0.497551917,0.233643238,0.148650583,0.066761923
16.75165736,0.484666268,0.23206582,0.147613787,0.066014393
16.75166284,0.48609825,0.229816735,0.14648169,0.065233456
16.75623708,0.481803399,0.226829554,0.146603998,0.064476502
16.7607894,0.471780619,0.225396604,0.145758311,0.063601455
16.76079488,0.473212602,0.222378945,0.144968869,0.063176725
16.76081131,0.477508548,0.219780457,0.144121734,0.063274792
16.76994335,0.464622899,0.217164185,0.143680499,0.063258652
16.77452854,0.463192013,0.214104555,0.143793343,0.063256045
16.77910825,0.460329144,0.211847483,0.143770442,0.063259499
16.79286383,0.456036484,0.209421767,0.14370228,0.063257981
16.79736137,0.431693882,0.208115868,0.1442883,0.063258236
16.79738876,0.438853793,0.20811113,0.145167558,0.063258409
16.79741067,0.444581722,0.209566792,0.145872694,0.063259244
16.79742163,0.447445687,0.213002595,0.14670343,0.063253049
16.79743806,0.451741633,0.217692756,0.148221233,0.063276232
16.80193013,0.425967049,0.22214843,0.150050596,0.06321604
16.80650436,0.421672198,0.227933656,0.150486692,0.063306301
16.82026542,0.41881152,0.233694869,0.150817213,0.064099374
16.83403742,0.418814807,0.238313651,0.152615803,0.065011763
16.8524001,0.41881919,0.243869138,0.154175828,0.0651706
16.86158144,0.418821381,0.247267142,0.155052646,0.065383454
16.865,0.415741974,0.250357783,0.155695905,0.066313751
16.87,0.415923308,0.252871963,0.156758086,0.067071048
16.875,0.41605898,0.254286615,0.15850302,0.067143804
16.88,0.416058026,0.255861539,0.160034344,0.067000722
16.885,0.41573463,0.255989448,0.159941939,0.067371925
16.89,0.41491498,0.255869476,0.161219937,0.068289747
16.895,0.414131386,0.255921686,0.162033692,0.069013396
16.9,0.41243149,0.255905145,0.162255556,0.069035398
16.905,0.412217627,0.255908802,0.163907997,0.068994052
16.91,0.411460292,0.255914524,0.163916554,0.069014427
16.915,0.410056589,0.255880827,0.164375415,0.069007748
16.92,0.410247137,0.255997083,0.165384334,0.069009198
16.925,0.410235973,0.255700541,0.165878929,0.069009162
16.93,0.410338734,0.254916147,0.16580641,0.069009004
16.935,0.409776498,0.254924413,0.165804543,0.069009093
16.94,0.409241194,0.254976122,0.165843792,0.069009069
16.945,0.409225044,0.254913826,0.165716607,0.069009062
16.95,0.408380179,0.255024437,0.166075996,0.069009054
16.955,0.408349729,0.254855764,0.166828256,0.069009211
16.96,0.407845334,0.254021006,0.166785552,0.069008514
16.965,0.407226737,0.254133051,0.166757299,0.069010589
16.97,0.407406292,0.252933591,0.166778406,0.069006538
16.975,0.40738372,0.25191697,0.16676994,0.06900804
16.98,0.406562229,0.252018851,0.166772297,0.06903373
16.985,0.406387782,0.251145227,0.166771937,0.068898571
16.99,0.406144034,0.250305089,0.16677189,0.069407346
16.995,0.405181901,0.249776071,0.166771809,0.070010222
17,0.404467424,0.248122014,0.166772329,0.069981733
17.005,0.404450093,0.245793492,0.166771082,0.070796467
17.01,0.40448852,0.24435883,0.166772271,0.071001477
17.015,0.404469668,0.242843165,0.166776998,0.070904294
17.02,0.404474718,0.241047782,0.166744911,0.070917287
17.025,0.404475177,0.240509114,0.166861494,0.070941119
17.03,0.404478127,0.240385295,0.166547873,0.07098341
17.035,0.404449147,0.23956716,0.165766569,0.070196154
17.04,0.404566623,0.239591992,0.165778436,0.069972282
17.045,0.404206361,0.239635013,0.165931245,0.069706742
17.05,0.403428064,0.239600598,0.16530569,0.068948362
17.055,0.402669499,0.239634073,0.16477355,0.069007301
17.06,0.400246942,0.239589976,0.164845777,0.068924585
17.065,0.399377214,0.239585653,0.164826768,0.069582723
17.07,0.399888447,0.240354097,0.165609848,0.069995205
17.075,0.399383695,0.240731993,0.165894818,0.070091524
17.08,0.397743101,0.240343616,0.165807473,0.070923774
17.085,0.396918856,0.240959968,0.165779401,0.070961718
17.09,0.396230376,0.243439386,0.165811276,0.070931058
17.095,0.395332554,0.245012523,0.166641516,0.070847404
17.1,0.394785521,0.246923113,0.166747647,0.071119251
17.105,0.394881807,0.249972805,0.167142166,0.071911808
17.11,0.39491533,0.252679459,0.167828016,0.071911856
17.115,0.394285109,0.254077823,0.167722561,0.071865989
17.12,0.393307264,0.255664475,0.167722554,0.071891548
17.125,0.392936967,0.256693331,0.167735611,0.07188254
17.13,0.392867701,0.256920654,0.167728488,0.071884713
17.135,0.39203011,0.256852698,0.16773059,0.071884532
17.14,0.391956621,0.256869097,0.167730691,0.071884368
17.145,0.39189917,0.256867744,0.167731298,0.071884481
17.15,0.392286262,0.256866377,0.167722925,0.071884439
17.155,0.391421422,0.256867784,0.167758941,0.071884446
17.16,0.388163176,0.256865864,0.167654227,0.071884446
17.165,0.388063983,0.256868921,0.167853809,0.071884479
17.17,0.387621414,0.256868343,0.168671022,0.071884309
17.175,0.387038127,0.256847071,0.168646192,0.071884857
17.18,0.387235266,0.256953635,0.169241063,0.071883664
17.185,0.38716313,0.256553439,0.169757928,0.071884637
17.19,0.386450712,0.255725019,0.16962308,0.071889804
17.195,0.384815269,0.254927777,0.169648027,0.071857336
17.2,0.384102621,0.253405103,0.169649972,0.071972184
17.205,0.384406544,0.251743718,0.169645607,0.071673624
17.21,0.384215042,0.250517493,0.169648315,0.070885952
17.215,0.383391722,0.250159313,0.169646135,0.070887086
17.22,0.383284159,0.250113787,0.169648194,0.071043839
17.225,0.3833616,0.249273051,0.169651541,0.070440112
17.23,0.383330705,0.249246202,0.169620349,0.069869234
17.235,0.383339518,0.248699326,0.169743569,0.069982621
17.24,0.383338106,0.248253067,0.16937856,0.069970236
17.245,0.3833361,0.248094623,0.168630093,0.069969092
17.25,0.383345543,0.246439426,0.168676411,0.069948015
17.255,0.383315247,0.245647392,0.168703105,0.070025677
17.26,0.383384101,0.244296718,0.16868241,0.069862464
17.265,0.383314359,0.243079303,0.168690814,0.069027486
17.27,0.382490255,0.242186935,0.168688458,0.068233575
17.275,0.382314426,0.240592802,0.168688826,0.067503057
17.28,0.382377126,0.240495149,0.168688778,0.066611068
17.285,0.382433167,0.240615283,0.168689339,0.066095983
17.29,0.382306793,0.240555083,0.168687226,0.066122095
17.295,0.381469465,0.240585465,0.168692127,0.065378234
17.3,0.381456056,0.240568604,0.168687196,0.064389173
17.305,0.380925276,0.240521546,0.168670016,0.064336428
17.31,0.380350651,0.241124982,0.168791409,0.063751087
17.315,0.380467879,0.242072439,0.168247113,0.062222517
17.32,0.380452116,0.242562457,0.167633317,0.06231198
17.325,0.380540144,0.242480023,0.16774258,0.061625398
17.33,0.379879144,0.242482516,0.167735473,0.061226585
17.335,0.37938515,0.242521729,0.167726044,0.06139068
17.34,0.379529645,0.242383492,0.167732187,0.061309392
17.345,0.379490021,0.242798505,0.167729852,0.061313664
17.35,0.379418899,0.243487025,0.167730468,0.062098591
17.355,0.380141338,0.24342966,0.16773039,0.062413268
17.36,0.380555926,0.244199975,0.167730359,0.062193802
17.365,0.380429467,0.244492557,0.167730386,0.062456443
17.37,0.380459383,0.244398497,0.167730375,0.06325996
17.375,0.38045922,0.244374767,0.167730378,0.063294949
17.38,0.380440261,0.244408782,0.167730378,0.063237944
17.385,0.380509041,0.245219295,0.167730375,0.063265486
17.39,0.38031853,0.24544294,0.167730388,0.063256574
17.395,0.380664974,0.245339947,0.167730345,0.063258468
17.4,0.382314671,0.245368373,0.167730447,0.06325845
17.405,0.382467378,0.245367792,0.167730327,0.063258195
17.41,0.38235948,0.245383395,0.167730049,0.063258445
17.415,0.382309725,0.245257112,0.16773233,0.063258072
17.42,0.382536375,0.245854636,0.16772358,0.063258599
17.425,0.383343512,0.246361778,0.167746862,0.063258921
17.43,0.383337406,0.24638614,0.16771022,0.06325325
17.435,0.383743556,0.247221817,0.167687288,0.063277929
17.44,0.38523793,0.247342156,0.168459865,0.063205401
17.445,0.386397258,0.247258295,0.16878088,0.063347854
17.45,0.386189805,0.247284847,0.168659721,0.064180326
17.455,0.386147182,0.247290019,0.168696552,0.06504319
17.46,0.386949006,0.24728736,0.16869061,0.065236105
17.465,0.387177016,0.247189093,0.16866147,0.065155432
17.47,0.387429787,0.247891718,0.168805766,0.065178912
17.475,0.388207873,0.248262117,0.168280178,0.065175319
17.48,0.388153983,0.248387176,0.167723693,0.0651801
17.485,0.388120182,0.249213386,0.167708009,0.065147905
17.49,0.388176301,0.249235247,0.166122033,0.065265496
17.495,0.388060777,0.249176103,0.165177324,0.064954326
17.5,0.388290046,0.249214104,0.164119831,0.064177148
17.505,0.389101114,0.249181831,0.162356928,0.06419499
17.51,0.389118915,0.249214105,0.160924561,0.064233704
17.515,0.389185648,0.249260173,0.160169506,0.064209905
17.52,0.388703966,0.248477459,0.159329303,0.064218718
17.525,0.388051179,0.248240444,0.159023826,0.064216456
17.53,0.38814748,0.247997384,0.159127291,0.064216712
17.535,0.388131752,0.247210607,0.159100105,0.064216877
17.54,0.38823835,0.247261362,0.159102921,0.064216611
17.545,0.387673246,0.247390601,0.1591117,0.064217145
17.55,0.387080341,0.246731709,0.159077067,0.064216138
17.555,0.387196203,0.246219988,0.159179371,0.064216662
17.56,0.387184559,0.246349518,0.158967539,0.064222278
17.565,0.387177083,0.246325396,0.158152603,0.06419121
17.57,0.387182558,0.246276781,0.158089638,0.064295572
17.575,0.387180808,0.246531874,0.158240827,0.064042061
17.58,0.387180397,0.245544635,0.157840032,0.063227027
17.585,0.387180785,0.244238005,0.156898474,0.063156948
17.59,0.387187005,0.245504129,0.156218748,0.063961899
17.595,0.387153086,0.249335133,0.156275896,0.064226515
17.6,0.387266741,0.253910142,0.155582038,0.064407742
17.605,0.386991203,0.258899286,0.155166156,0.06525584
17.61,0.38619636,0.264819116,0.155298005,0.065982908
17.615,0.386196783,0.270918765,0.155266763,0.067645191
17.62,0.386211401,0.275542827,0.155269065,0.068078301
17.625,0.386306924,0.279231252,0.155271603,0.068444163
17.63,0.385974229,0.279699012,0.155269898,0.0703455
17.635,0.385207317,0.278509561,0.155270562,0.071857141
17.64,0.38524251,0.277800821,0.15527037,0.071772346
17.645,0.385282051,0.277012582,0.155270395,0.072985678
17.65,0.385224922,0.277042055,0.155270533,0.074018133
17.655,0.385336714,0.276455384,0.155269887,0.073755638
17.66,0.385132592,0.275903728,0.155271908,0.073802063
17.665,0.384314186,0.276102613,0.155267597,0.073800764
17.67,0.384303763,0.276029927,0.155270796,0.073828081
17.675,0.384103495,0.275194071,0.15529088,0.073707268
17.67858372,0.383216847,0.275106317,0.155169269,0.074023421
17.67858372,0.383216847,0.274692724,0.155675305,0.074781509
17.68317439,0.383217943,0.274019588,0.156336954,0.07471844
17.68317439,0.383217943,0.274128934,0.156208157,0.075450748
17.68317439,0.383217943,0.274126436,0.156155962,0.075726908
17.69235025,0.381788152,0.274114152,0.156944156,0.075950879
17.69235025,0.381788152,0.274121852,0.157180249,0.076737119
17.69235025,0.381788152,0.274117599,0.157439201,0.076691624
17.70153159,0.381790343,0.274120984,0.15818433,0.07666093
17.70612226,0.381791439,0.274122276,0.158120257,0.076683748
17.71071293,0.381792534,0.274093745,0.158866047,0.07667461
17.71071293,0.381792534,0.27421989,0.159201788,0.076677154
17.7153036,0.38179363,0.273801951,0.15907453,0.076676766
17.71989427,0.381794725,0.273087251,0.159109949,0.07667668
17.72448494,0.381795821,0.273156951,0.159104554,0.076676777
17.72448494,0.381795821,0.273170714,0.159103379,0.076676733
17.72909205,0.386092863,0.27316293,0.159104561,0.076676747
17.72909205,0.386092863,0.273139001,0.159104511,0.076676744
17.72909752,0.387524846,0.27320796,0.159103443,0.076676744
17.73830625,0.394686948,0.273141468,0.159104584,0.076676744
17.73830625,0.394686948,0.27230511,0.159109341,0.076676744
17.73830625,0.394686948,0.272233814,0.15907722,0.076676744
17.75,0.402464023,0.27179177,0.159193735,0.076676744
17.755,0.406681039,0.271149577,0.158880986,0.076676744
17.76,0.408665549,0.271247657,0.158099401,0.076676744
17.765,0.408386551,0.27121857,0.158110772,0.076676744
17.77,0.40929172,0.271453335,0.158261772,0.076676744
17.775,0.40932787,0.270204114,0.157646072,0.076676744
17.78,0.409222962,0.269266851,0.157087754,0.076676744
17.785,0.409383211,0.269152162,0.157204086,0.076676744
17.79,0.409042291,0.267474552,0.157190131,0.076676744
17.795,0.408288498,0.26748152,0.157181878,0.076676744
17.8,0.408341406,0.266377731,0.157196743,0.076676744
17.805,0.4077036,0.265210548,0.157164814,0.076676744
17.81,0.406867552,0.26565265,0.157226768,0.076676744
17.815,0.406019823,0.266447325,0.157190079,0.076676744
17.82,0.405413514,0.267237776,0.156361989,0.076676744
17.825,0.405461972,0.267722163,0.156240395,0.076676744
17.83,0.404212476,0.26638229,0.155899985,0.076676744
17.835,0.401602372,0.263842354,0.155074914,0.076676744
17.84,0.400534957,0.261497685,0.154230531,0.076676744
17.845,0.400381519,0.258370023,0.152590836,0.076676744
17.85,0.398703944,0.255669952,0.152241497,0.076676744
17.855,0.398629969,0.254362921,0.152543331,0.076676744
17.86,0.398754479,0.253748359,0.152118761,0.076676744
17.865,0.398694867,0.252932339,0.151406271,0.076676744
17.87,0.398711984,0.252158572,0.151466881,0.076676745
17.875,0.398711037,0.25138743,0.15072897,0.076676742
17.88,0.398717723,0.250597194,0.150379835,0.076676747
17.885,0.398659909,0.249854253,0.150506004,0.076676746
17.89,0.398888512,0.249015544,0.150475072,0.076676709
17.895,0.398206771,0.248249801,0.150479259,0.076676896
17.9,0.396621371,0.248362263,0.150453287,0.076676298
17.905,0.395910628,0.247196977,0.150588812,0.076677596
17.91,0.394407898,0.245800702,0.150093082,0.076676549
17.915,0.39316541,0.245225677,0.149483225,0.076670873
17.92,0.392975594,0.244385376,0.149511126,0.076706375
17.925,0.392806533,0.242881935,0.148660753,0.076581009
17.93,0.391988689,0.241088386,0.148702343,0.076904674
17.935,0.392026044,0.240437186,0.147703201,0.077659427
17.94,0.391396486,0.240571418,0.146558184,0.077599252
17.945,0.390914347,0.240604166,0.146570188,0.078305455
17.95,0.391049216,0.241388291,0.144901944,0.078698938
17.955,0.391022468,0.242242053,0.144686909,0.078560061
17.96,0.391026895,0.242718332,0.144312447,0.078604467
17.965,0.390996078,0.242019868,0.143634461,0.078605008
17.97,0.391125004,0.240343879,0.143811495,0.078494785
17.975,0.390752149,0.238821309,0.143813139,0.079143993
17.98,0.390029367,0.236515761,0.142994893,0.079619771
17.985,0.390090643,0.234568528,0.142831434,0.079592047
17.99,0.389343168,0.23342161,0.142491927,0.079569616
17.995,0.389003533,0.232829244,0.141807558,0.078041877
18,0.389135963,0.232895449,0.141859923,0.076923533
18.005,0.389090249,0.233642126,0.141047611,0.076415942
18.01,0.389099733,0.234445275,0.140909278,0.075278295
18.015,0.389165736,0.23524631,0.140541247,0.07376636
18.02,0.388610221,0.235921886,0.139839872,0.073747745
18.025,0.387654374,0.235742433,0.139940784,0.07383564
18.03,0.387119149,0.234213019,0.139943842,0.073786973
18.035,0.387183427,0.232522857,0.139929377,0.073808757
18.04,0.387168459,0.231356338,0.139937665,0.073796676
18.045,0.38727814,0.230936361,0.139933263,0.073787348
18.05,0.38673933,0.230989537,0.139936437,0.073900142
18.055,0.386107819,0.230970898,0.13993933,0.07330191
18.06,0.386249091,0.23113495,0.139904803,0.072739599
18.065,0.386266868,0.230170477,0.140047235,0.072862644
18.07,0.385537406,0.228331541,0.139610304,0.072847584
18.075,0.384859849,0.226996332,0.13896451,0.072811291
18.08,0.38359476,0.226258428,0.139023125,0.072961724
18.085,0.382281981,0.224815155,0.137473197,0.0724537
18.09,0.382387181,0.223045697,0.136850645,0.071882615
18.095,0.381601822,0.222029177,0.137201321,0.071882356
18.1,0.381393855,0.221035461,0.136886854,0.070253667
18.105,0.381171566,0.219485666,0.136100435,0.069887569
18.11,0.380172264,0.219576828,0.13614904,0.069690935
18.115,0.379492005,0.218296231,0.135484876,0.068738547
18.12,0.379598421,0.217336839,0.135094191,0.068004281
18.125,0.378324258,0.217657455,0.135026302,0.067242553
18.13,0.376919254,0.217540777,0.134110743,0.066336076
18.135,0.376601439,0.216781126,0.133260965,0.066151699
18.14,0.376584952,0.215817302,0.133394271,0.065900923
18.145,0.37581414,0.21577486,0.132272847,0.065118571
18.15,0.374321926,0.21515333,0.131216814,0.065158321
18.155,0.372745233,0.213641644,0.13120057,0.065198066
18.16,0.371118256,0.21373701,0.129545271,0.065141649
18.165,0.369709897,0.213135014,0.128652603,0.065249062
18.17,0.368975976,0.212151242,0.127818924,0.065055312
18.175,0.368065968,0.211747271,0.127528621,0.064236815
18.18,0.368167318,0.211834538,0.127251254,0.06416573
18.185,0.367025172,0.211821469,0.125598538,0.064266677
18.19,0.364629216,0.211799166,0.12547196,0.064127513
18.195,0.363133749,0.211900025,0.125576772,0.06438685
18.2,0.360683306,0.211521726,0.125624756,0.065187697
18.205,0.359659645,0.210630882,0.125393132,0.065208291
18.21,0.358427422,0.209885934,0.124587046,0.065155544
18.215,0.357269055,0.209723868,0.124566114,0.065182331
18.22,0.357369322,0.211221698,0.124619776,0.065173617
18.225,0.355875932,0.21192577,0.124592281,0.065175246
18.23,0.352661438,0.211988821,0.124601839,0.065174543
18.235,0.350814564,0.21282369,0.124599248,0.065180406
18.24,0.350673955,0.212807316,0.124598499,0.065156269
18.245,0.350660443,0.212730306,0.124606983,0.065223146
18.25,0.350654877,0.212888034,0.12457372,0.065107515
18.255,0.35086206,0.212487774,0.124665185,0.064294027
18.26,0.349552651,0.211777778,0.1245079,0.063416145
18.265,0.348638326,0.211834885,0.123683986,0.06319334
18.27,0.350302484,0.211163925,0.123589206,0.063278566
18.275,0.353548912,0.210280491,0.123664895,0.063254247
18.28,0.356159001,0.209617576,0.12363422,0.063258215
18.285,0.356445103,0.20866783,0.12364207,0.063258884
18.29,0.357014333,0.207976671,0.123641159,0.063258012
18.295,0.358966751,0.209597715,0.123646892,0.063258415
18.3,0.36032135,0.209873011,0.123614257,0.063258294
18.305,0.360294937,0.210619616,0.123724627,0.063258313
18.31,0.360684808,0.212012904,0.123457549,0.063258291
18.315,0.362575104,0.211806118,0.122657631,0.063258454
18.32,0.364909442,0.211802608,0.122634135,0.063257835
18.325,0.366131485,0.211831146,0.122811256,0.063259439
18.33,0.366849951,0.211812767,0.122202993,0.063257075
18.33040954,0.370484586,0.211826759,0.12168701,0.063254782
18.335,0.369319737,0.211812577,0.12167173,0.063284598
18.33501116,0.373349646,0.211800107,0.120838302,0.063159521
18.34,0.369934806,0.211963528,0.120702491,0.063553562
18.345,0.370473049,0.211001732,0.12079264,0.064284253
18.34879413,0.376216897,0.209111213,0.120758042,0.064224476
18.34879413,0.376216897,0.207881621,0.120767229,0.064203887
18.35,0.371955869,0.207969785,0.120766002,0.064223291
18.355,0.371809023,0.208067035,0.120765999,0.064213728
18.36,0.372465188,0.207527488,0.120764345,0.064219172
18.365,0.373847688,0.206532664,0.120770623,0.064216518
18.37,0.375692033,0.206085788,0.120756935,0.064202225
18.375,0.376656812,0.206059894,0.120766998,0.064288217
18.37634362,0.377655453,0.20445166,0.120831565,0.063907643
18.38,0.376660326,0.203939192,0.120203719,0.062929527
18.385,0.378308592,0.20446629,0.119427199,0.062298455
18.39,0.37867295,0.205550033,0.118464038,0.062412383
18.39471178,0.379091818,0.207127185,0.116796683,0.060909537
18.395,0.378503161,0.207942057,0.115187333,0.06033146
18.4,0.378489892,0.207977543,0.114441838,0.0600218
18.405,0.37860367,0.208122808,0.113040498,0.058210891
18.41,0.379431816,0.207566568,0.112001973,0.056674336
18.415,0.379576749,0.205829949,0.112107642,0.055275857
18.42,0.379376028,0.204295582,0.111281386,0.05294326
18.42227771,0.384826321,0.202731132,0.110385088,0.051327101
18.425,0.379797619,0.201271302,0.110000734,0.050517004
18.43,0.380553765,0.199373186,0.108001026,0.048908236
18.435,0.380473653,0.196965452,0.10500155,0.048867502
18.44,0.380170553,0.194642811,0.103573398,0.048411426
18.445,0.38249197,0.192184422,0.100614401,0.047514771
18.45,0.385885785,0.190740324,0.097259955,0.046729658
18.455,0.387244496,0.188049868,0.094625388,0.045993055
18.46,0.386160913,0.183974585,0.092332898,0.045980386
18.465,0.384597794,0.181067945,0.090026186,0.04602046
18.47,0.383064253,0.178800933,0.088420119,0.046004983
18.47274221,0.376246479,0.175762048,0.08743441,0.045996636
18.485,0.379393831,0.173046454,0.087156013,0.046016542
18.495,0.371490974,0.170748547,0.087236049,0.046045907
18.505,0.368523073,0.168522966,0.087218011,0.045404413
18.515,0.364291952,0.167726939,0.087219369,0.044460585
18.51856674,0.354777702,0.167922591,0.08721703,0.044014931
18.52,0.359811522,0.166701549,0.087232382,0.044101472
18.525,0.354632922,0.165745445,0.087186934,0.044091127
18.53,0.348375991,0.165648205,0.087266597,0.044086463
18.53226206,0.334733238,0.163971935,0.087277829,0.044090362
18.535,0.342960006,0.163859923,0.085764725,0.044088744
18.54,0.341035428,0.163479622,0.084732423,0.044089198
18.545,0.338982703,0.162532208,0.083754535,0.044089128
18.55,0.333898868,0.161827957,0.08202919,0.0440892
18.57,0.325174491,0.161027645,0.080518415,0.044088744
18.575,0.320685996,0.159604243,0.079646596,0.04409034
18.58,0.316885494,0.157226344,0.079504803,0.044086583
18.585,0.313604864,0.155613664,0.079568644,0.044090746
18.59,0.308364748,0.155147474,0.079547971,0.044102169
18.595,0.302882815,0.154224181,0.079552584,0.044014454
18.6,0.300920266,0.152565867,0.079553721,0.044450206
18.605,0.300134644,0.15236401,0.079544577,0.045392504
18.61,0.299537966,0.15202824,0.079577351,0.046042959
18.62,0.295898552,0.151203274,0.079492175,0.046018235
18.625,0.295084563,0.150297744,0.079622291,0.045994694
18.63,0.294224782,0.1486627,0.080447951,0.04601091
18.635,0.294148926,0.148554206,0.080566802,0.046004605
18.64,0.293406844,0.148089901,0.08049208,0.046006306
18.645,0.290980293,0.147492768,0.08050122,0.04600607
18.65,0.290287405,0.14761464,0.080535381,0.046006024
18.655,0.288734201,0.14759807,0.080529475,0.046005966
18.66,0.288115393,0.1477014,0.079775837,0.046006343
18.665,0.288042954,0.146973841,0.079109334,0.046005469
18.67,0.286912415,0.14670992,0.077712905,0.046006172
18.675,0.285484787,0.146327782,0.074931403,0.04601007
18.68,0.283711698,0.144713157,0.071836201,0.045985804
18.685,0.28349466,0.144764415,0.069497425,0.046071347
18.69,0.282759764,0.143728576,0.067369211,0.045845874
18.695,0.281401191,0.141710238,0.067904678,0.04496673
18.7,0.281504625,0.140863993,0.071003651,0.044154989
18.705,0.279944765,0.140818233,0.074026578,0.04404166
18.71,0.279011507,0.139168457,0.076378076,0.044108056
18.715,0.277750356,0.138813339,0.078091256,0.044083871
18.72,0.276577691,0.139126915,0.079207479,0.044089923
18.725,0.276671577,0.138694876,0.079614333,0.044089269
18.735,0.27583119,0.137961937,0.07954247,0.044089283
18.74,0.274939238,0.138005137,0.079550002,0.044087797
18.745,0.273326351,0.138038986,0.079554509,0.04409302
18.75,0.272856322,0.137983895,0.07955105,0.044082482
18.755,0.272902942,0.138097421,0.079552454,0.044086999
18.76,0.271610588,0.137881666,0.079552054,0.044151278
18.765,0.269556802,0.137069675,0.079552118,0.043597491
18.77,0.269207176,0.137062743,0.079552165,0.042647398
18.775,0.268429714,0.136876933,0.079551967,0.042106723
18.78,0.264283427,0.137808631,0.079552579,0.042176455
18.785,0.263176812,0.139165955,0.079551201,0.042183641
18.79,0.263358247,0.138960724,0.079552561,0.042138972
18.795,0.262910797,0.13889439,0.079557471,0.042272204
18.8,0.262062956,0.139611542,0.079523173,0.041923821
18.805,0.261280579,0.140122855,0.079648943,0.041184824
18.81,0.260435031,0.139677387,0.079308191,0.041246492
18.82,0.259934225,0.138934873,0.078560452,0.040522298
18.825,0.259296652,0.138958487,0.078612427,0.040154281
18.83,0.259416898,0.138992294,0.078001103,0.040284508
18.835,0.259409778,0.138968276,0.077035181,0.040250292
18.84,0.259371605,0.138983655,0.076604203,0.040254608
18.845,0.25950113,0.138968607,0.076689178,0.040256172
18.85,0.25910149,0.138968397,0.076678466,0.040255375
18.855,0.258361498,0.139074702,0.076674219,0.040253831
18.86,0.258429694,0.138391305,0.076677935,0.040258198
18.865,0.258547299,0.137992736,0.076676364,0.040255241
18.87,0.257824922,0.137891081,0.076676823,0.040232285
18.875,0.257461087,0.137058984,0.076676744,0.04036604
18.88,0.257331487,0.137015117,0.076676734,0.039829123
18.885,0.256503645,0.137101882,0.07667675,0.039254767
18.895,0.256540302,0.136989336,0.076676742,0.039269446
18.9,0.256511683,0.137208576,0.076676745,0.038445955
18.905,0.256521381,0.138084704,0.076676744,0.038265927
18.91,0.256519152,0.138915687,0.076676744,0.038366493
18.915,0.256519288,0.138946734,0.076676744,0.038330746
18.92,0.256519456,0.139342194,0.076676744,0.038339464
18.925,0.256519456,0.140250052,0.076676744,0.03833869
18.93,0.256519142,0.14098375,0.076676744,0.03833806
18.935,0.256519783,0.141754431,0.076676744,0.038338508
18.94,0.25651976,0.142680573,0.076676744,0.038338331
18.945,0.256514596,0.142669761,0.076676743,0.03833838
18.95,0.256539687,0.143440624,0.076676746,0.038338373
18.955,0.256460351,0.144818969,0.076676741,0.038338364
18.96,0.256638769,0.144706,0.076676742,0.038338403
18.965,0.257495018,0.14619221,0.076676775,0.038338283
18.97,0.258333616,0.147328437,0.076676608,0.038338544
18.975,0.258527739,0.147931062,0.076677148,0.03833832
18.98,0.258318613,0.148804208,0.076675958,0.038337243
18.99,0.259413749,0.149528902,0.076676983,0.038344178
18.995,0.259309506,0.149546574,0.076681899,0.038319429
19,0.260768484,0.149497115,0.076650227,0.038380809
19.005,0.26155152,0.149549278,0.076763269,0.038299421
19.01,0.261191111,0.149464238,0.076465603,0.037510159
19.015,0.261440899,0.149569284,0.075672137,0.036695784
19.02,0.262263764,0.150393738,0.075664332,0.035964599
19.025,0.262142164,0.150543513,0.075942823,0.035107198
19.03,0.263387983,0.15044551,0.074717578,0.034458825
19.035,0.26436281,0.150502837,0.073666894,0.03449793
19.04,0.264270202,0.150453045,0.073742339,0.03449089
19.045,0.265165407,0.150442963,0.072892407,0.034598854
19.05,0.266022419,0.151226069,0.072783217,0.034181593
19.055,0.266181033,0.151525316,0.072870071,0.03345918
19.06,0.266107027,0.151408993,0.072834553,0.033542088
19.065,0.266133416,0.151442019,0.072844407,0.03364043
19.07,0.266124955,0.151436698,0.072842911,0.032938732
19.075,0.266117557,0.151436502,0.072844387,0.032487052
19.08,0.266181435,0.151433684,0.072835087,0.032611112
19.085,0.265935289,0.151446564,0.072867281,0.03258602
19.095,0.268162967,0.151415755,0.072792695,0.032585563
19.1,0.268074415,0.151448155,0.072870734,0.032588942
19.105,0.26801955,0.152140437,0.073707748,0.032587115
19.11,0.268061254,0.153810328,0.073769419,0.032587748
19.115,0.268044375,0.154390881,0.074221135,0.032587599
19.12,0.268049144,0.154505799,0.07486555,0.03258761
19.125,0.268048377,0.155323777,0.074744991,0.032587622
19.13,0.268048242,0.155290749,0.074751141,0.032587614
19.135,0.268048414,0.155252507,0.074790201,0.032587617
19.14,0.268048334,0.155277969,0.074661081,0.032587616
19.145,0.268048359,0.155268153,0.075049744,0.032587616
19.15,0.268048354,0.155270863,0.075792899,0.032587616
19.155,0.268048354,0.155270513,0.075732894,0.032587616
19.16,0.268048355,0.155269526,0.075615102,0.032587617
19.165,0.268048354,0.155273852,0.076289395,0.032587615
19.17,0.268048354,0.155260529,0.076778193,0.032587616
19.175,0.268048355,0.155288774,0.076654919,0.032587624
19.18,0.268048355,0.155268332,0.076677076,0.032587578
19.185,0.268048345,0.154610422,0.076680922,0.032587738
19.19,0.268048391,0.152989011,0.076667349,0.032587352
19.195,0.268048254,0.152219445,0.076702568,0.03258782
19.2,0.268048519,0.152437387,0.076621769,0.032588813
19.205,0.268048433,0.152391578,0.076719348,0.032580348
19.21,0.268046689,0.152395416,0.07755662,0.032613144
19.215,0.268055772,0.152376037,0.077600294,0.032525112
19.22,0.268025983,0.15246863,0.078078027,0.032667721
19.225,0.268093294,0.152186704,0.078700534,0.033492806
19.23,0.268027708,0.151315648,0.078577746,0.03360112
19.235,0.267205771,0.150545675,0.078589582,0.033522256
19.24,0.267016072,0.149813467,0.07859804,0.033552058
19.245,0.267114338,0.148862795,0.078591275,0.033546986
19.25,0.267080608,0.148632119,0.078595632,0.033547056
19.255,0.267088509,0.148317951,0.078591245,0.033523143
19.26,0.267087958,0.146673468,0.078592598,0.033648985
19.265,0.267087302,0.146642758,0.078616718,0.033173048
19.27,0.267087737,0.146095051,0.078491161,0.032500913
19.275,0.26708757,0.145591395,0.078965138,0.032591774
19.28,0.267087614,0.14566541,0.079641969,0.032596207
19.285,0.267087608,0.145702753,0.079546746,0.03258238
19.29,0.267087606,0.146537395,0.079523986,0.032589545
19.295,0.267087608,0.146615906,0.079660253,0.032587122
19.3,0.267087607,0.147048603,0.079118406,0.032587674
19.305,0.267087608,0.147705665,0.078498261,0.032587645
19.31,0.267087608,0.14759075,0.078604768,0.032587593
19.315,0.267087608,0.147596738,0.078599218,0.032587625
19.32,0.267087608,0.147607528,0.078589218,0.032587615
19.325,0.267087607,0.147600768,0.078595483,0.032587614
19.33,0.267087608,0.147603293,0.078593143,0.032587613
19.335,0.267087607,0.147602639,0.078593749,0.03258765
19.34,0.267087607,0.147602717,0.078593677,0.032587476
19.345,0.26708761,0.147602753,0.078593644,0.032588013
19.35,0.267087598,0.147602723,0.078593671,0.032586912
19.355,0.267087633,0.147602735,0.07859366,0.032587547
19.36,0.267087571,0.147602732,0.078593663,0.032593497
19.365,0.267087567,0.147602732,0.078593663,0.032559932
19.37,0.267088083,0.147602732,0.078593663,0.032673656
19.375,0.267085627,0.147602732,0.078593663,0.032395026
19.38,0.267093305,0.147602732,0.078593663,0.031603258
19.385,0.267077047,0.147602732,0.078593663,0.031601312
19.39,0.267088663,0.147602732,0.078593663,0.031647833
19.395,0.267166627,0.147602732,0.078593663,0.031621465
19.4,0.266459154,0.147602732,0.078593663,0.031632506
19.405,0.266032079,0.147602732,0.078593663,0.031627227
19.41,0.266136928,0.147602732,0.078593663,0.031624793
19.415,0.266136887,0.147602732,0.078593663,0.031662385
19.42,0.266189779,0.147602732,0.078593663,0.031503116
19.425,0.26540929,0.147602732,0.078593663,0.032001085
19.43,0.265173389,0.147602732,0.078593663,0.032543142
19.435,0.264902797,0.147602732,0.078593663,0.031660561
19.44,0.264167662,0.147602732,0.078593663,0.031576371
19.445,0.264232482,0.147602732,0.078593663,0.031631014
19.45,0.263426657,0.147602732,0.078593662,0.031698675
19.455,0.263324889,0.147602735,0.078593665,0.031473263
19.46,0.262682901,0.147602724,0.078593655,0.030662044
19.465,0.261017932,0.147602749,0.078593678,0.030614912
19.47,0.260364088,0.147602729,0.07859366,0.030794271
19.475,0.260350869,0.147602619,0.078593558,0.030246589
19.48,0.260343995,0.147603303,0.078594185,0.029620125
19.485,0.260445917,0.147600895,0.07859198,0.029721572
19.49,0.260165625,0.147606777,0.078597368,0.029718449
19.495,0.259372762,0.147599344,0.078590558,0.02970766
19.5,0.259375524,0.147585511,0.078577888,0.029714061
19.505,0.259417809,0.147710757,0.078692615,0.029711731
19.51,0.25940141,0.147100939,0.078124123,0.029712317
19.515,0.259386918,0.146608163,0.07751907,0.029712256
19.52,0.259422215,0.146574092,0.077671475,0.029712219
19.525,0.259442816,0.145737098,0.07767416,0.029712247
19.53,0.258664585,0.145635431,0.07691633,0.029712236
19.535,0.258350182,0.145682681,0.076487227,0.029712239
19.54,0.258468469,0.145757621,0.077027441,0.029712238
19.545,0.258435678,0.145547781,0.077702681,0.029712238
19.55,0.25844071,0.144736476,0.07763742,0.029712241
19.555,0.258440062,0.144770413,0.07764703,0.02971223
19.56,0.258447895,0.144153368,0.077539465,0.029712255
19.565,0.258418345,0.14366545,0.078007343,0.029712231
19.57,0.25848733,0.143780507,0.078694221,0.02971214
19.575,0.258415539,0.143773813,0.078582914,0.029712768
19.58,0.257592218,0.143846557,0.078514342,0.029710471
19.585,0.257409988,0.143070811,0.079250017,0.029716316
19.59,0.257506699,0.142871802,0.07964983,0.029708045
19.595,0.257473103,0.142423654,0.079526997,0.029698187
19.6,0.257481072,0.140748547,0.079554948,0.029811204
19.605,0.257480398,0.139988937,0.07955249,0.029214209
19.61,0.257480344,0.139427226,0.079558078,0.028652064
19.615,0.257478347,0.137661263,0.079526328,0.028771143
19.62,0.257485238,0.135043186,0.079619833,0.028756238
19.625,0.25747193,0.132952712,0.079450532,0.028750223
19.63,0.257475154,0.131440059,0.078628054,0.028755452
19.635,0.257568011,0.129000309,0.078544132,0.028753246
19.64,0.256896545,0.127859371,0.078616968,0.02875389
19.645,0.256416806,0.126736387,0.078586245,0.028753779
19.65,0.256541134,0.125441623,0.078595207,0.028753765
19.655,0.256518848,0.12555811,0.078593662,0.028753787
19.66,0.256526064,0.124767665,0.078593496,0.028753776
19.665,0.256473483,0.124508988,0.07859363,0.02875378
19.67,0.256675876,0.124637049,0.078594065,0.028753779
19.675,0.256119065,0.124578922,0.078592735,0.028753779
19.68,0.254446524,0.124609598,0.078594314,0.028753779
19.685,0.253657922,0.124664956,0.078598217,0.028753779
19.69,0.253707938,0.123927168,0.07856693,0.028753779
19.695,0.25314637,0.1235434,0.078686288,0.028753779
19.7,0.252570069,0.123667737,0.078345896,0.028753779
19.705,0.252695995,0.123637479,0.077577442,0.028753779
19.71,0.25267958,0.123640134,0.077608002,0.028753779
19.715,0.252659811,0.123642339,0.077745255,0.028753779
19.72,0.252733418,0.123640779,0.07711554,0.028753779
19.725,0.252457747,0.123641386,0.076557166,0.028753779
19.73,0.251354763,0.123641233,0.076725642,0.028753779
19.735,0.249771912,0.123641253,0.076696543,0.028753779
19.74,0.248897224,0.123641158,0.075900619,0.028753779
19.745,0.248848525,0.123641669,0.075608531,0.028753779
19.75,0.248581768,0.123640002,0.075826969,0.028753779
19.755,0.247393078,0.123643667,0.075545498,0.028753779
19.76,0.245836205,0.123640544,0.074748485,0.028753779
19.765,0.245036719,0.12362526,0.074726847,0.028753779
19.77,0.244954867,0.123723246,0.074779357,0.028753779
19.775,0.245009375,0.123286172,0.074752727,0.028753779
19.78,0.24497349,0.122417136,0.074761616,0.028753779
19.785,0.245009456,0.121653019,0.074759631,0.028753779
19.79,0.245013947,0.120859784,0.074759713,0.028753779
19.795,0.244325381,0.120231102,0.074759912,0.028753779
19.8,0.243389606,0.118734337,0.074759791,0.028753779
19.805,0.242987477,0.117790181,0.074759835,0.028753779
19.81,0.243094905,0.117808607,0.074759825,0.028753779
19.815,0.243068865,0.116951362,0.074759826,0.028753779
19.82,0.242986345,0.117569689,0.074759817,0.028753778
19.825,0.243691865,0.118371872,0.074759863,0.02875378
19.83,0.244124551,0.11950233,0.074759721,0.028753779
19.835,0.244019496,0.12103591,0.074760006,0.028753769
19.84,0.244020764,0.12171874,0.074759865,0.028753827
19.845,0.243964949,0.121802962,0.074758217,0.02875363
19.85,0.24473828,0.121231912,0.074767239,0.028754084
19.855,0.244994129,0.120231233,0.07473708,0.028753614
19.86,0.245223453,0.119841487,0.074806496,0.028752094
19.865,0.246018972,0.119757304,0.074734446,0.028763102
19.87,0.245975161,0.118083541,0.073914149,0.028722282
19.875,0.245841025,0.117958002,0.073730908,0.028827505
19.88,0.246497867,0.11702858,0.073827957,0.02867305
19.885,0.24701333,0.115822319,0.073794365,0.0278145
19.89,0.246891566,0.11593686,0.073802272,0.028449007
19.895,0.246911339,0.11509473,0.073801718,0.028872467
19.9,0.246916384,0.114946211,0.073801059,0.028719004
19.905,0.246902973,0.115044565,0.073801495,0.028760013
19.91,0.246935464,0.115005327,0.073801328,0.028754641
19.915,0.246863725,0.115018605,0.073801373,0.028750863
19.92,0.246942121,0.115017139,0.073801367,0.028761685
19.925,0.247766965,0.114990566,0.073801365,0.028732381
19.93,0.247939456,0.115117586,0.073801367,0.0287932
19.935,0.247853035,0.114664502,0.073801365,0.028749842
19.94,0.247863522,0.113974865,0.073801367,0.027937617
19.945,0.247891238,0.114057668,0.073801366,0.027718357
19.95,0.247916224,0.114064933,0.073801358,0.027823004
19.955,0.247142682,0.114058559,0.073801404,0.027787677
19.96,0.246817537,0.114035032,0.073801245,0.027796687
19.965,0.246946919,0.114107164,0.073801629,0.02780029
19.97,0.246894595,0.114017571,0.073801166,0.02776784
19.975,0.246906056,0.113194215,0.073800164,0.027890612
19.98,0.247033712,0.113031682,0.073808635,0.02753672
19.985,0.246371276,0.113124299,0.073775877,0.026781798
19.99,0.248874356,0.113091042,0.073863662,0.026822521
19.995,0.25200168,0.113099257,0.073721995,0.026851811
20,0.250698667,0.113098473,0.072896895,0.026829873
21,0.244,0.11,0.071,0.02611
22,0.24,0.10827,0.0698,0.02568
23,0.228,0.10286,0.0663,0.0244
24,0.118,0.05323,0.0343,0.01263
25,0.08,0.0361,0.02326,0.00856
